observation_date,PCU44414441
2003-12-01,100.000
2004-01-01,102.500
2004-02-01,104.100
2004-03-01,105.100
2004-04-01,108.600
2004-05-01,107.700
2004-06-01,108.700
2004-07-01,113.100
2004-08-01,112.500
2004-09-01,115.500
2004-10-01,110.600
2004-11-01,108.400
2004-12-01,108.100
2005-01-01,108.600
2005-02-01,110.800
2005-03-01,110.000
2005-04-01,110.400
2005-05-01,106.900
2005-06-01,106.800
2005-07-01,106.600
2005-08-01,108.100
2005-09-01,111.200
2005-10-01,111.200
2005-11-01,112.600
2005-12-01,115.300
2006-01-01,115.700
2006-02-01,116.600
2006-03-01,115.100
2006-04-01,117.900
2006-05-01,116.400
2006-06-01,122.800
2006-07-01,122.500
2006-08-01,123.600
2006-09-01,127.700
2006-10-01,122.000
2006-11-01,117.200
2006-12-01,119.800
2007-01-01,119.700
2007-02-01,121.000
2007-03-01,121.100
2007-04-01,121.300
2007-05-01,124.600
2007-06-01,125.200
2007-07-01,125.100
2007-08-01,123.500
2007-09-01,122.900
2007-10-01,122.000
2007-11-01,120.200
2007-12-01,122.100
2008-01-01,120.400
2008-02-01,120.500
2008-03-01,119.600
2008-04-01,119.000
2008-05-01,119.500
2008-06-01,123.500
2008-07-01,123.900
2008-08-01,122.600
2008-09-01,122.600
2008-10-01,120.900
2008-11-01,120.600
2008-12-01,119.100
2009-01-01,122.000
2009-02-01,120.900
2009-03-01,122.000
2009-04-01,122.000
2009-05-01,120.800
2009-06-01,123.000
2009-07-01,121.900
2009-08-01,122.600
2009-09-01,121.500
2009-10-01,118.200
2009-11-01,114.900
2009-12-01,119.500
2010-01-01,119.700
2010-02-01,119.600
2010-03-01,120.300
2010-04-01,126.200
2010-05-01,125.600
2010-06-01,120.000
2010-07-01,122.000
2010-08-01,121.300
2010-09-01,121.400
2010-10-01,120.400
2010-11-01,120.200
2010-12-01,121.600
2011-01-01,122.100
2011-02-01,123.800
2011-03-01,125.100
2011-04-01,125.500
2011-05-01,124.200
2011-06-01,123.100
2011-07-01,123.200
2011-08-01,124.300
2011-09-01,123.800
2011-10-01,126.100
2011-11-01,126.000
2011-12-01,125.200
2012-01-01,126.000
2012-02-01,126.900
2012-03-01,127.400
2012-04-01,128.900
2012-05-01,127.800
2012-06-01,128.800
2012-07-01,128.500
2012-08-01,130.400
2012-09-01,132.300
2012-10-01,132.200
2012-11-01,131.400
2012-12-01,133.400
2013-01-01,135.800
2013-02-01,138.900
2013-03-01,139.100
2013-04-01,141.900
2013-05-01,140.700
2013-06-01,140.200
2013-07-01,140.600
2013-08-01,138.000
2013-09-01,139.000
2013-10-01,137.500
2013-11-01,135.800
2013-12-01,136.000
2014-01-01,136.000
2014-02-01,135.600
2014-03-01,133.800
2014-04-01,133.900
2014-05-01,134.100
2014-06-01,134.600
2014-07-01,136.000
2014-08-01,135.700
2014-09-01,137.200
2014-10-01,136.600
2014-11-01,137.100
2014-12-01,135.900
2015-01-01,136.100
2015-02-01,138.600
2015-03-01,138.600
2015-04-01,137.700
2015-05-01,138.700
2015-06-01,138.400
2015-07-01,139.800
2015-08-01,138.300
2015-09-01,136.900
2015-10-01,136.300
2015-11-01,137.500
2015-12-01,137.200
2016-01-01,136.400
2016-02-01,137.800
2016-03-01,136.700
2016-04-01,137.800
2016-05-01,138.500
2016-06-01,140.900
2016-07-01,139.700
2016-08-01,140.500
2016-09-01,139.400
2016-10-01,138.000
2016-11-01,138.900
2016-12-01,139.800
2017-01-01,140.100
2017-02-01,140.300
2017-03-01,142.900
2017-04-01,141.100
2017-05-01,142.200
2017-06-01,142.600
2017-07-01,143.100
2017-08-01,144.900
2017-09-01,142.200
2017-10-01,143.100
2017-11-01,143.500
2017-12-01,145.700
2018-01-01,145.200
2018-02-01,147.100
2018-03-01,147.900
2018-04-01,150.000
2018-05-01,151.400
2018-06-01,153.300
2018-07-01,154.400
2018-08-01,151.900
2018-09-01,151.500
2018-10-01,152.200
2018-11-01,149.800
2018-12-01,151.000
2019-01-01,148.100
2019-02-01,148.400
2019-03-01,152.000
2019-04-01,155.800
2019-05-01,150.200
2019-06-01,148.600
2019-07-01,151.700
2019-08-01,152.100
2019-09-01,155.000
2019-10-01,152.400
2019-11-01,152.200
2019-12-01,153.100
2020-01-01,153.500
2020-02-01,152.200
2020-03-01,153.000
2020-04-01,155.700
2020-05-01,153.500
2020-06-01,160.700
2020-07-01,163.900
2020-08-01,179.800
2020-09-01,197.600
2020-10-01,196.400
2020-11-01,177.500
2020-12-01,177.600
2021-01-01,189.700
2021-02-01,194.900
2021-03-01,198.900
2021-04-01,213.300
2021-05-01,235.100
2021-06-01,251.700
2021-07-01,229.959
2021-08-01,212.302
2021-09-01,204.828
2021-10-01,204.302
2021-11-01,196.066
2021-12-01,199.890
2022-01-01,217.684
2022-02-01,235.392
2022-03-01,259.213
2022-04-01,255.198
2022-05-01,246.398
2022-06-01,232.225
2022-07-01,223.550
2022-08-01,212.657
2022-09-01,206.378
2022-10-01,209.471
2022-11-01,210.490
2022-12-01,200.109
2023-01-01,202.840
2023-02-01,211.059
2023-03-01,210.110
2023-04-01,210.049
2023-05-01,207.698
2023-06-01,208.814
2023-07-01,212.644
2023-08-01,208.731
2023-09-01,209.372
2023-10-01,209.476
2023-11-01,206.088
2023-12-01,206.408
2024-01-01,205.732
2024-02-01,213.877
2024-03-01,215.136
2024-04-01,219.186
2024-05-01,212.636
2024-06-01,213.337
2024-07-01,212.408
2024-08-01,214.227
2024-09-01,215.223
2024-10-01,215.009
2024-11-01,212.413
2024-12-01,214.412
2025-01-01,216.389
2025-02-01,220.662
2025-03-01,226.274
2025-04-01,226.624
2025-05-01,223.367
2025-06-01,226.702
2025-07-01,223.500
2025-08-01,220.293
2025-09-01,211.170
2025-10-01,211.744
2025-11-01,209.986
2025-12-01,247.882
2026-01-01,248.135
2026-02-01,248.031
2026-03-01,260.140
2026-04-01,261.818
